mc	mn	quarterbeats	quarterbeats_all_endings	duration_qb	mc_onset	mn_onset	event	timesig	staff	voice	duration	nominal_duration	scalar	chord_id
1	1	0	0	2.0	0	0	Chord	4/4	1	1	1/2	1/2	1	0
1	1	2	2	2.0	1/2	1/2	Chord	4/4	1	1	1/2	1/2	1	1
1	1	0	0	2.0	0	0	Chord	4/4	2	1	1/2	1/2	1	2
1	1	2	2	2.0	1/2	1/2	Chord	4/4	2	1	1/2	1/2	1	3
1	1	0	0	2.0	0	0	Chord	4/4	3	1	1/2	1/2	1	4
1	1	2	2	2.0	1/2	1/2	Chord	4/4	3	1	1/2	1/2	1	5
1	1	0	0	2.0	0	0	Chord	4/4	4	1	1/2	1/2	1	6
1	1	2	2	2.0	1/2	1/2	Chord	4/4	4	1	1/2	1/2	1	7
2	2	4	4	1.0	0	0	Chord	4/4	1	1	1/4	1/4	1	8
2	2	5	5	1.0	1/4	1/4	Chord	4/4	1	1	1/4	1/4	1	9
2	2	6	6	2.0	1/2	1/2	Chord	4/4	1	1	1/2	1/2	1	10
2	2	4	4	1.0	0	0	Chord	4/4	2	1	1/4	1/4	1	11
2	2	5	5	1.0	1/4	1/4	Chord	4/4	2	1	1/4	1/4	1	12
2	2	6	6	2.0	1/2	1/2	Chord	4/4	2	1	1/2	1/2	1	13
2	2	4	4	1.0	0	0	Chord	4/4	3	1	1/4	1/4	1	14
2	2	5	5	1.0	1/4	1/4	Chord	4/4	3	1	1/4	1/4	1	15
2	2	6	6	2.0	1/2	1/2	Chord	4/4	3	1	1/2	1/2	1	16
2	2	4	4	1.0	0	0	Chord	4/4	4	1	1/4	1/4	1	17
2	2	5	5	1.0	1/4	1/4	Chord	4/4	4	1	1/4	1/4	1	18
2	2	6	6	2.0	1/2	1/2	Chord	4/4	4	1	1/2	1/2	1	19
3	3	8	8	2.0	0	0	Chord	4/4	1	1	1/2	1/2	1	20
3	3	10	10	1.0	1/2	1/2	Chord	4/4	1	1	1/4	1/4	1	21
3	3	11	11	1.0	3/4	3/4	Chord	4/4	1	1	1/4	1/4	1	22
3	3	8	8	2.0	0	0	Chord	4/4	2	1	1/2	1/2	1	23
3	3	10	10	1.0	1/2	1/2	Chord	4/4	2	1	1/4	1/4	1	24
3	3	11	11	1.0	3/4	3/4	Chord	4/4	2	1	1/4	1/4	1	25
3	3	8	8	2.0	0	0	Chord	4/4	3	1	1/2	1/2	1	26
3	3	10	10	1.0	1/2	1/2	Chord	4/4	3	1	1/4	1/4	1	27
3	3	11	11	1.0	3/4	3/4	Chord	4/4	3	1	1/4	1/4	1	28
3	3	8	8	2.0	0	0	Chord	4/4	4	1	1/2	1/2	1	29
3	3	10	10	1.0	1/2	1/2	Chord	4/4	4	1	1/4	1/4	1	30
3	3	11	11	1.0	3/4	3/4	Chord	4/4	4	1	1/4	1/4	1	31
4	4	12	12	2.0	0	0	Chord	4/4	1	1	1/2	1/2	1	32
4	4	14	14	2.0	1/2	1/2	Chord	4/4	1	1	1/2	1/2	1	33
4	4	12	12	2.0	0	0	Chord	4/4	2	1	1/2	1/2	1	34
4	4	14	14	2.0	1/2	1/2	Chord	4/4	2	1	1/2	1/2	1	35
4	4	12	12	2.0	0	0	Chord	4/4	3	1	1/2	1/2	1	36
4	4	14	14	2.0	1/2	1/2	Chord	4/4	3	1	1/2	1/2	1	37
4	4	12	12	2.0	0	0	Chord	4/4	4	1	1/2	1/2	1	38
4	4	14	14	2.0	1/2	1/2	Chord	4/4	4	1	1/2	1/2	1	39
5	5	16	16	2.0	0	0	Chord	4/4	1	1	1/2	1/2	1	40
5	5	18	18	1.0	1/2	1/2	Chord	4/4	1	1	1/4	1/4	1	41
5	5	19	19	1.0	3/4	3/4	Chord	4/4	1	1	1/4	1/4	1	42
5	5	16	16	2.0	0	0	Chord	4/4	2	1	1/2	1/2	1	43
5	5	18	18	1.0	1/2	1/2	Chord	4/4	2	1	1/4	1/4	1	44
5	5	19	19	1.0	3/4	3/4	Chord	4/4	2	1	1/4	1/4	1	45
5	5	16	16	1.0	0	0	Chord	4/4	3	1	1/4	1/4	1	46
5	5	17	17	1.0	1/4	1/4	Chord	4/4	3	1	1/4	1/4	1	47
5	5	18	18	2.0	1/2	1/2	Chord	4/4	3	1	1/2	1/2	1	48
5	5	16	16	1.0	0	0	Chord	4/4	4	1	1/4	1/4	1	49
5	5	17	17	1.0	1/4	1/4	Chord	4/4	4	1	1/4	1/4	1	50
5	5	18	18	2.0	1/2	1/2	Chord	4/4	4	1	1/2	1/2	1	51
6	6	20	20	2.0	0	0	Chord	4/4	1	1	1/2	1/2	1	52
6	6	20	20	2.0	0	0	Chord	4/4	2	1	1/2	1/2	1	53
6	6	20	20	2.0	0	0	Chord	4/4	3	1	1/2	1/2	1	54
6	6	20	20	2.0	0	0	Chord	4/4	4	1	1/2	1/2	1	55
7	7	24	24	2.0	0	0	Chord	4/4	1	1	1/2	1/2	1	56
7	7	26	26	2.0	1/2	1/2	Chord	4/4	1	1	1/2	1/2	1	57
7	7	24	24	2.0	0	0	Chord	4/4	2	1	1/2	1/2	1	58
7	7	26	26	2.0	1/2	1/2	Chord	4/4	2	1	1/2	1/2	1	59
7	7	24	24	2.0	0	0	Chord	4/4	3	1	1/2	1/2	1	60
7	7	26	26	2.0	1/2	1/2	Chord	4/4	3	1	1/2	1/2	1	61
7	7	24	24	2.0	0	0	Chord	4/4	4	1	1/2	1/2	1	62
7	7	26	26	2.0	1/2	1/2	Chord	4/4	4	1	1/2	1/2	1	63
8	8	28	28	1.0	0	0	Chord	4/4	1	1	1/4	1/4	1	64
8	8	29	29	1.0	1/4	1/4	Chord	4/4	1	1	1/4	1/4	1	65
8	8	30	30	1.0	1/2	1/2	Chord	4/4	1	1	1/4	1/4	1	66
8	8	31	31	1.0	3/4	3/4	Chord	4/4	1	1	1/4	1/4	1	67
8	8	28	28	1.0	0	0	Chord	4/4	2	1	1/4	1/4	1	68
8	8	29	29	1.0	1/4	1/4	Chord	4/4	2	1	1/4	1/4	1	69
8	8	30	30	1.0	1/2	1/2	Chord	4/4	2	1	1/4	1/4	1	70
8	8	31	31	1.0	3/4	3/4	Chord	4/4	2	1	1/4	1/4	1	71
8	8	28	28	1.0	0	0	Chord	4/4	3	1	1/4	1/4	1	72
8	8	29	29	1.0	1/4	1/4	Chord	4/4	3	1	1/4	1/4	1	73
8	8	30	30	1.0	1/2	1/2	Chord	4/4	3	1	1/4	1/4	1	74
8	8	31	31	1.0	3/4	3/4	Chord	4/4	3	1	1/4	1/4	1	75
8	8	28	28	1.0	0	0	Chord	4/4	4	1	1/4	1/4	1	76
8	8	29	29	1.0	1/4	1/4	Chord	4/4	4	1	1/4	1/4	1	77
8	8	30	30	1.0	1/2	1/2	Chord	4/4	4	1	1/4	1/4	1	78
8	8	31	31	1.0	3/4	3/4	Chord	4/4	4	1	1/4	1/4	1	79
9	9	32	32	2.0	0	0	Chord	4/4	1	1	1/2	1/2	1	80
9	9	34	34	1.0	1/2	1/2	Chord	4/4	1	1	1/4	1/4	1	81
9	9	35	35	1.0	3/4	3/4	Chord	4/4	1	1	1/4	1/4	1	82
9	9	32	32	2.0	0	0	Chord	4/4	2	1	1/2	1/2	1	83
9	9	34	34	1.0	1/2	1/2	Chord	4/4	2	1	1/4	1/4	1	84
9	9	35	35	1.0	3/4	3/4	Chord	4/4	2	1	1/4	1/4	1	85
9	9	32	32	2.0	0	0	Chord	4/4	3	1	1/2	1/2	1	86
9	9	34	34	1.0	1/2	1/2	Chord	4/4	3	1	1/4	1/4	1	87
9	9	35	35	1.0	3/4	3/4	Chord	4/4	3	1	1/4	1/4	1	88
9	9	32	32	2.0	0	0	Chord	4/4	4	1	1/2	1/2	1	89
9	9	34	34	1.0	1/2	1/2	Chord	4/4	4	1	1/4	1/4	1	90
9	9	35	35	1.0	3/4	3/4	Chord	4/4	4	1	1/4	1/4	1	91
10	10	36	36	1.0	0	0	Chord	4/4	1	1	1/4	1/4	1	92
10	10	37	37	1.0	1/4	1/4	Chord	4/4	1	1	1/4	1/4	1	93
10	10	38	38	1.0	1/2	1/2	Chord	4/4	1	1	1/4	1/4	1	94
10	10	39	39	1.0	3/4	3/4	Chord	4/4	1	1	1/4	1/4	1	95
10	10	36	36	1.0	0	0	Chord	4/4	2	1	1/4	1/4	1	96
10	10	37	37	1.0	1/4	1/4	Chord	4/4	2	1	1/4	1/4	1	97
10	10	38	38	1.0	1/2	1/2	Chord	4/4	2	1	1/4	1/4	1	98
10	10	39	39	1.0	3/4	3/4	Chord	4/4	2	1	1/4	1/4	1	99
10	10	36	36	1.0	0	0	Chord	4/4	3	1	1/4	1/4	1	100
10	10	37	37	1.0	1/4	1/4	Chord	4/4	3	1	1/4	1/4	1	101
10	10	38	38	1.0	1/2	1/2	Chord	4/4	3	1	1/4	1/4	1	102
10	10	39	39	1.0	3/4	3/4	Chord	4/4	3	1	1/4	1/4	1	103
10	10	36	36	1.0	0	0	Chord	4/4	4	1	1/4	1/4	1	104
10	10	37	37	1.0	1/4	1/4	Chord	4/4	4	1	1/4	1/4	1	105
10	10	38	38	1.0	1/2	1/2	Chord	4/4	4	1	1/4	1/4	1	106
10	10	39	39	1.0	3/4	3/4	Chord	4/4	4	1	1/4	1/4	1	107
11	11	40	40	2.0	0	0	Chord	4/4	1	1	1/2	1/2	1	108
11	11	40	40	2.0	0	0	Chord	4/4	2	1	1/2	1/2	1	109
11	11	40	40	2.0	0	0	Chord	4/4	3	1	1/2	1/2	1	110
11	11	40	40	2.0	0	0	Chord	4/4	4	1	1/2	1/2	1	111
12	12	44	44	2.0	0	0	Chord	4/4	1	1	1/2	1/2	1	112
12	12	46	46	2.0	1/2	1/2	Chord	4/4	1	1	1/2	1/2	1	113
12	12	44	44	2.0	0	0	Chord	4/4	2	1	1/2	1/2	1	114
12	12	46	46	2.0	1/2	1/2	Chord	4/4	2	1	1/2	1/2	1	115
12	12	44	44	2.0	0	0	Chord	4/4	3	1	1/2	1/2	1	116
12	12	46	46	2.0	1/2	1/2	Chord	4/4	3	1	1/2	1/2	1	117
12	12	44	44	2.0	0	0	Chord	4/4	4	1	1/2	1/2	1	118
12	12	46	46	2.0	1/2	1/2	Chord	4/4	4	1	1/2	1/2	1	119
13	13	48	48	1.0	0	0	Chord	4/4	1	1	1/4	1/4	1	120
13	13	49	49	1.0	1/4	1/4	Chord	4/4	1	1	1/4	1/4	1	121
13	13	50	50	1.0	1/2	1/2	Chord	4/4	1	1	1/4	1/4	1	122
13	13	51	51	1.0	3/4	3/4	Chord	4/4	1	1	1/4	1/4	1	123
13	13	48	48	1.0	0	0	Chord	4/4	2	1	1/4	1/4	1	124
13	13	49	49	1.0	1/4	1/4	Chord	4/4	2	1	1/4	1/4	1	125
13	13	50	50	1.0	1/2	1/2	Chord	4/4	2	1	1/4	1/4	1	126
13	13	51	51	1.0	3/4	3/4	Chord	4/4	2	1	1/4	1/4	1	127
13	13	48	48	1.0	0	0	Chord	4/4	3	1	1/4	1/4	1	128
13	13	49	49	1.0	1/4	1/4	Chord	4/4	3	1	1/4	1/4	1	129
13	13	50	50	1.0	1/2	1/2	Chord	4/4	3	1	1/4	1/4	1	130
13	13	51	51	1.0	3/4	3/4	Chord	4/4	3	1	1/4	1/4	1	131
13	13	48	48	1.0	0	0	Chord	4/4	4	1	1/4	1/4	1	132
13	13	49	49	1.0	1/4	1/4	Chord	4/4	4	1	1/4	1/4	1	133
13	13	50	50	1.0	1/2	1/2	Chord	4/4	4	1	1/4	1/4	1	134
13	13	51	51	1.0	3/4	3/4	Chord	4/4	4	1	1/4	1/4	1	135
14	14	52	52	2.0	0	0	Chord	4/4	1	1	1/2	1/2	1	136
14	14	52	52	2.0	0	0	Chord	4/4	2	1	1/2	1/2	1	137
14	14	52	52	2.0	0	0	Chord	4/4	3	1	1/2	1/2	1	138
14	14	52	52	2.0	0	0	Chord	4/4	4	1	1/2	1/2	1	139
15	15	56	56	2.0	0	0	Chord	4/4	1	1	1/2	1/2	1	140
15	15	58	58	2.0	1/2	1/2	Chord	4/4	1	1	1/2	1/2	1	141
15	15	56	56	2.0	0	0	Chord	4/4	2	1	1/2	1/2	1	142
15	15	58	58	2.0	1/2	1/2	Chord	4/4	2	1	1/2	1/2	1	143
15	15	56	56	2.0	0	0	Chord	4/4	3	1	1/2	1/2	1	144
15	15	58	58	2.0	1/2	1/2	Chord	4/4	3	1	1/2	1/2	1	145
15	15	56	56	2.0	0	0	Chord	4/4	4	1	1/2	1/2	1	146
15	15	58	58	2.0	1/2	1/2	Chord	4/4	4	1	1/2	1/2	1	147
16	16	60	60	1.0	0	0	Chord	4/4	1	1	1/4	1/4	1	148
16	16	61	61	1.0	1/4	1/4	Chord	4/4	1	1	1/4	1/4	1	149
16	16	62	62	2.0	1/2	1/2	Chord	4/4	1	1	1/2	1/2	1	150
16	16	60	60	1.0	0	0	Chord	4/4	2	1	1/4	1/4	1	151
16	16	61	61	2.0	1/4	1/4	Chord	4/4	2	1	1/2	1/2	1	152
16	16	63	63	1.0	3/4	3/4	Chord	4/4	2	1	1/4	1/4	1	153
16	16	60	60	1.0	0	0	Chord	4/4	3	1	1/4	1/4	1	154
16	16	61	61	1.0	1/4	1/4	Chord	4/4	3	1	1/4	1/4	1	155
16	16	62	62	2.0	1/2	1/2	Chord	4/4	3	1	1/2	1/2	1	156
16	16	60	60	1.0	0	0	Chord	4/4	4	1	1/4	1/4	1	157
16	16	61	61	1.0	1/4	1/4	Chord	4/4	4	1	1/4	1/4	1	158
16	16	62	62	2.0	1/2	1/2	Chord	4/4	4	1	1/2	1/2	1	159
17	17	64	64	2.0	0	0	Chord	4/4	1	1	1/2	1/2	1	160
17	17	66	66	2.0	1/2	1/2	Chord	4/4	1	1	1/2	1/2	1	161
17	17	64	64	1.0	0	0	Chord	4/4	2	1	1/4	1/4	1	162
17	17	65	65	1.0	1/4	1/4	Chord	4/4	2	1	1/4	1/4	1	163
17	17	66	66	2.0	1/2	1/2	Chord	4/4	2	1	1/2	1/2	1	164
17	17	64	64	2.0	0	0	Chord	4/4	3	1	1/2	1/2	1	165
17	17	66	66	2.0	1/2	1/2	Chord	4/4	3	1	1/2	1/2	1	166
17	17	64	64	2.0	0	0	Chord	4/4	4	1	1/2	1/2	1	167
17	17	66	66	2.0	1/2	1/2	Chord	4/4	4	1	1/2	1/2	1	168
18	18	68	68	2.0	0	0	Chord	4/4	1	1	1/2	1/2	1	169
18	18	68	68	2.0	0	0	Chord	4/4	2	1	1/2	1/2	1	170
18	18	68	68	2.0	0	0	Chord	4/4	3	1	1/2	1/2	1	171
18	18	68	68	2.0	0	0	Chord	4/4	4	1	1/2	1/2	1	172
